{
    "epoch": 12.22,
    "eval_loss": 0.45190635323524475,
    "eval_runtime": 704.8504,
    "eval_samples": 2894,
    "eval_samples_per_second": 4.106,
    "eval_steps_per_second": 0.257,
    "eval_wer": 32.011343435198505,
    "train_loss": 0.06323314253110439,
    "train_runtime": 16800.4503,
    "train_samples": 6540,
    "train_samples_per_second": 4.762,
    "train_steps_per_second": 0.298
}